{
  "ZScore": {
    "precision": 0.8790123456790123,
    "recall": 0.2884927066450567,
    "f1_score": 0.4344112263575351
  },
  "IsolationForest": {
    "precision": 0.5272,
    "recall": 0.534035656401945,
    "f1_score": 0.5305958132045089
  }
}