{
  "Logistic Regression": {
    "accuracy": 0.9681838267786125,
    "precision": 0.9786483475677683,
    "recall": 0.9682218956649522,
    "f1_score": 0.9734072022160665,
    "confusion_matrix": [
      [
        3493,
        115
      ],
      [
        173,
        5271
      ]
    ],
    "roc_auc": 0.9938332503816321
  },
  "SVM": {
    "accuracy": 0.9692885550154662,
    "precision": 0.9792207792207792,
    "recall": 0.9695077149155034,
    "f1_score": 0.9743400406128854,
    "confusion_matrix": [
      [
        3496,
        112
      ],
      [
        166,
        5278
      ]
    ],
    "roc_auc": 0.9924292147745803
  },
  "KNN": {
    "accuracy": 0.9635439681838268,
    "precision": 0.9664356074425392,
    "recall": 0.973181484202792,
    "f1_score": 0.9697968149368479,
    "confusion_matrix": [
      [
        3424,
        184
      ],
      [
        146,
        5298
      ]
    ],
    "roc_auc": 0.9849205160464704
  },
  "Decision Tree": {
    "accuracy": 0.9605612019443217,
    "precision": 0.9649058673003107,
    "recall": 0.9696914033798677,
    "f1_score": 0.9672927164452588,
    "confusion_matrix": [
      [
        3416,
        192
      ],
      [
        165,
        5279
      ]
    ],
    "roc_auc": 0.9884832984012994
  },
  "Random Forest": {
    "accuracy": 0.9699513919575784,
    "precision": 0.9748439221446934,
    "recall": 0.9752020573108009,
    "f1_score": 0.9750229568411387,
    "confusion_matrix": [
      [
        3471,
        137
      ],
      [
        135,
        5309
      ]
    ],
    "roc_auc": 0.9923090383277589
  },
  "XGBoost": {
    "accuracy": 0.9771321254971277,
    "precision": 0.9828508205790153,
    "recall": 0.979059515062454,
    "f1_score": 0.980951504555075,
    "confusion_matrix": [
      [
        3515,
        93
      ],
      [
        114,
        5330
      ]
    ],
    "roc_auc": 0.9962164656547373
  }
}