{
  "Random Forest (rate)": {
    "r2": 0.9872569073244792,
    "rmse": 0.052811309597880905,
    "mae": 0.019785196590158795
  },
  "Linear Regression (rate)": {
    "r2": 0.8851442473004004,
    "rmse": 0.15854987080280683,
    "mae": 0.13355594407139315
  }
}